{
    "prepare_queue": {
        "installed": [],
        "uninstalled": []
    },
    "config_munge": {
        "files": {
            "res/xml/config.xml": {
                "parents": {
                    "/*": [
                        {
                            "xml": "<feature name=\"Device\"><param name=\"android-package\" value=\"org.apache.cordova.device.Device\" /></feature>",
                            "count": 1
                        },
                        {
                            "xml": "<feature name=\"Toast\"><param name=\"android-package\" value=\"nl.xservices.plugins.Toast\" /></feature>",
                            "count": 1
                        },
                        {
                            "xml": "<feature name=\"LocalNotification\"><param name=\"android-package\" value=\"de.appplant.cordova.plugin.localnotification.LocalNotification\" /></feature>",
                            "count": 1
                        }
                    ]
                }
            },
            "AndroidManifest.xml": {
                "parents": {
                    "/manifest/application": [
                        {
                            "xml": "<receiver android:exported=\"false\" android:name=\"de.appplant.cordova.plugin.localnotification.TriggerReceiver\" />",
                            "count": 1
                        },
                        {
                            "xml": "<receiver android:exported=\"false\" android:name=\"de.appplant.cordova.plugin.localnotification.ClearReceiver\" />",
                            "count": 1
                        },
                        {
                            "xml": "<activity android:exported=\"false\" android:launchMode=\"singleInstance\" android:name=\"de.appplant.cordova.plugin.localnotification.ClickActivity\" android:theme=\"@android:style/Theme.NoDisplay\" />",
                            "count": 1
                        },
                        {
                            "xml": "<receiver android:exported=\"false\" android:name=\"de.appplant.cordova.plugin.notification.TriggerReceiver\" />",
                            "count": 1
                        },
                        {
                            "xml": "<receiver android:exported=\"false\" android:name=\"de.appplant.cordova.plugin.notification.ClearReceiver\" />",
                            "count": 1
                        },
                        {
                            "xml": "<receiver android:exported=\"false\" android:name=\"de.appplant.cordova.plugin.localnotification.RestoreReceiver\"><intent-filter><action android:name=\"android.intent.action.BOOT_COMPLETED\" /></intent-filter></receiver>",
                            "count": 1
                        },
                        {
                            "xml": "<activity android:exported=\"false\" android:launchMode=\"singleInstance\" android:name=\"de.appplant.cordova.plugin.notification.ClickActivity\" android:theme=\"@android:style/Theme.NoDisplay\" />",
                            "count": 1
                        }
                    ],
                    "/manifest": [
                        {
                            "xml": "<uses-permission android:name=\"android.permission.RECEIVE_BOOT_COMPLETED\" />",
                            "count": 1
                        },
                        {
                            "xml": "<uses-permission android:name=\"android.permission.WRITE_EXTERNAL_STORAGE\" />",
                            "count": 1
                        }
                    ],
                    "application": []
                }
            },
            "res/values/facebookconnect.xml": {
                "parents": {
                    "/*": []
                }
            }
        }
    },
    "installed_plugins": {
        "cordova-plugin-device": {
            "PACKAGE_NAME": "de.appplant.localnotification.example"
        },
        "cordova-plugin-x-toast": {
            "PACKAGE_NAME": "de.appplant.localnotification.example"
        },
        "cordova-plugin-app-event": {
            "PACKAGE_NAME": "de.appplant.localnotification.example"
        },
        "de.appplant.cordova.plugin.local-notification": {
            "PACKAGE_NAME": "de.appplant.localnotification.example"
        }
    },
    "dependent_plugins": {},
    "modules": [
        {
            "file": "plugins/cordova-plugin-device/www/device.js",
            "id": "cordova-plugin-device.device",
            "clobbers": [
                "device"
            ]
        },
        {
            "file": "plugins/cordova-plugin-x-toast/www/Toast.js",
            "id": "cordova-plugin-x-toast.Toast",
            "clobbers": [
                "window.plugins.toast"
            ]
        },
        {
            "file": "plugins/cordova-plugin-x-toast/test/tests.js",
            "id": "cordova-plugin-x-toast.tests"
        },
        {
            "file": "plugins/de.appplant.cordova.plugin.local-notification/www/local-notification.js",
            "id": "de.appplant.cordova.plugin.local-notification.LocalNotification",
            "clobbers": [
                "cordova.plugins.notification.local",
                "plugin.notification.local"
            ]
        },
        {
            "file": "plugins/de.appplant.cordova.plugin.local-notification/www/local-notification-core.js",
            "id": "de.appplant.cordova.plugin.local-notification.LocalNotification.Core",
            "clobbers": [
                "cordova.plugins.notification.local.core",
                "plugin.notification.local.core"
            ]
        },
        {
            "file": "plugins/de.appplant.cordova.plugin.local-notification/www/local-notification-util.js",
            "id": "de.appplant.cordova.plugin.local-notification.LocalNotification.Util",
            "merges": [
                "cordova.plugins.notification.local.core",
                "plugin.notification.local.core"
            ]
        }
    ]
}