{
    "prepare_queue": {
        "installed": [],
        "uninstalled": []
    },
    "config_munge": {
        "files": {
            "config.xml": {
                "parents": {
                    "/*": [
                        {
                            "xml": "<preference name=\"WindowsToastCapable\" value=\"true\" />",
                            "count": 1
                        }
                    ]
                }
            }
        }
    },
    "installed_plugins": {
        "cordova-plugin-device": {
            "PACKAGE_NAME": "NotificationExample"
        },
        "cordova-plugin-x-toast": {
            "PACKAGE_NAME": "NotificationExample"
        },
        "cordova-plugin-app-event": {
            "PACKAGE_NAME": "NotificationExample"
        },
        "de.appplant.cordova.plugin.local-notification": {
            "PACKAGE_NAME": "NotificationExample"
        }
    },
    "dependent_plugins": {},
    "modules": [
        {
            "file": "plugins/cordova-plugin-device/www/device.js",
            "id": "cordova-plugin-device.device",
            "pluginId": "cordova-plugin-device",
            "clobbers": [
                "device"
            ]
        },
        {
            "file": "plugins/cordova-plugin-device/src/windows/DeviceProxy.js",
            "id": "cordova-plugin-device.DeviceProxy",
            "pluginId": "cordova-plugin-device",
            "merges": [
                ""
            ]
        },
        {
            "file": "plugins/cordova-plugin-x-toast/www/Toast.js",
            "id": "cordova-plugin-x-toast.Toast",
            "pluginId": "cordova-plugin-x-toast",
            "clobbers": [
                "window.plugins.toast"
            ]
        },
        {
            "file": "plugins/cordova-plugin-x-toast/test/tests.js",
            "id": "cordova-plugin-x-toast.tests",
            "pluginId": "cordova-plugin-x-toast"
        },
        {
            "file": "plugins/de.appplant.cordova.plugin.local-notification/www/local-notification.js",
            "id": "de.appplant.cordova.plugin.local-notification.LocalNotification",
            "pluginId": "de.appplant.cordova.plugin.local-notification",
            "clobbers": [
                "cordova.plugins.notification.local",
                "plugin.notification.local"
            ]
        },
        {
            "file": "plugins/de.appplant.cordova.plugin.local-notification/www/local-notification-core.js",
            "id": "de.appplant.cordova.plugin.local-notification.LocalNotification.Core",
            "pluginId": "de.appplant.cordova.plugin.local-notification",
            "clobbers": [
                "cordova.plugins.notification.local.core",
                "plugin.notification.local.core"
            ]
        },
        {
            "file": "plugins/de.appplant.cordova.plugin.local-notification/www/local-notification-util.js",
            "id": "de.appplant.cordova.plugin.local-notification.LocalNotification.Util",
            "pluginId": "de.appplant.cordova.plugin.local-notification",
            "merges": [
                "cordova.plugins.notification.local.core",
                "plugin.notification.local.core"
            ]
        },
        {
            "file": "plugins/de.appplant.cordova.plugin.local-notification/src/windows/LocalNotificationProxy.js",
            "id": "de.appplant.cordova.plugin.local-notification.LocalNotification.Proxy",
            "pluginId": "de.appplant.cordova.plugin.local-notification",
            "merges": [
                ""
            ]
        },
        {
            "file": "plugins/de.appplant.cordova.plugin.local-notification/src/windows/LocalNotificationCore.js",
            "id": "de.appplant.cordova.plugin.local-notification.LocalNotification.Proxy.Core",
            "pluginId": "de.appplant.cordova.plugin.local-notification",
            "merges": [
                ""
            ]
        },
        {
            "file": "plugins/de.appplant.cordova.plugin.local-notification/src/windows/LocalNotificationUtil.js",
            "id": "de.appplant.cordova.plugin.local-notification.LocalNotification.Proxy.Util",
            "pluginId": "de.appplant.cordova.plugin.local-notification",
            "merges": [
                ""
            ]
        }
    ],
    "plugin_metadata": {
        "cordova-plugin-device": "1.1.0",
        "cordova-plugin-x-toast": "2.3.1",
        "cordova-plugin-app-event": "1.1.0",
        "de.appplant.cordova.plugin.local-notification": "0.8.3-dev"
    }
}